Country,Year,Transparency of government policy-making.
Albania,2007,2.9154682110000003
Albania,2008,3.150972168
Albania,2009,3.8478776089999998
Albania,2010,4.560831405
Albania,2011,4.661059437
Albania,2012,4.324629109
Albania,2013,4.1166903
Albania,2015,3.997792309
Algeria,2006,4.2352941180000006
Algeria,2007,3.76954495
Algeria,2008,3.3732468410000003
Algeria,2009,3.146941719
Algeria,2010,3.639679802
Algeria,2011,3.1446565910000004
Algeria,2012,2.581505108
Algeria,2013,3.436813557
Algeria,2015,3.6081269110000003
Angola,2010,3.5151209999999997
Angola,2011,3.5331574089999997
Angola,2013,2.857143
Angola,2015,2.928460217
Argentina,2006,2.8529411760000003
Argentina,2007,2.775971258
Argentina,2008,2.565806304
Argentina,2009,3.190797142
Argentina,2010,3.4536527610000003
Argentina,2011,3.2933613160000004
Argentina,2012,3.2055963239999996
Argentina,2013,3.0063747860000003
Argentina,2015,2.953001864
Armenia,2006,3.576923077
Armenia,2007,3.484575378
Armenia,2008,3.561958865
Armenia,2009,4.19427344
Armenia,2010,4.5352128
Armenia,2011,4.810854312
Armenia,2012,5.2138370510000005
Armenia,2013,4.962180718
Armenia,2015,4.457739552
Australia,2006,5.459770115
Australia,2007,5.2971880360000005
Australia,2008,5.3529628780000005
Australia,2009,5.2865458830000005
Australia,2010,5.196481039
Australia,2011,5.0239801
Australia,2012,4.927869629
Australia,2013,4.373495448
Australia,2015,4.257904967
Austria,2006,5.074766355
Austria,2007,5.2307569460000005
Austria,2008,4.959832494
Austria,2009,5.0494596
Austria,2010,5.277373863
Austria,2011,5.031830161999999
Austria,2012,5.107843441
Austria,2013,5.047122443
Austria,2015,4.773008813
Azerbaijan,2006,3.421052632
Azerbaijan,2007,3.57913257
Azerbaijan,2008,3.860883398
Azerbaijan,2009,4.43415625
Azerbaijan,2010,4.454117332
Azerbaijan,2011,4.278847995
Azerbaijan,2012,4.510520008
Azerbaijan,2013,4.495007875
Azerbaijan,2015,4.267225277
Bahrain,2006,4.447368421
Bahrain,2007,4.774562047
Bahrain,2008,4.834124247
Bahrain,2009,4.1557167580000005
Bahrain,2010,4.673527926
Bahrain,2011,5.546046195
Bahrain,2012,5.37490651
Bahrain,2013,4.976646764
Bahrain,2015,4.661918123
Bangladesh,2006,3.361904762
Bangladesh,2007,3.5294862160000005
Bangladesh,2008,3.4897426830000002
Bangladesh,2009,3.494432682
Bangladesh,2010,3.8417016000000004
Bangladesh,2011,3.949767647
Bangladesh,2012,3.8990628519999997
Bangladesh,2013,3.8639068080000003
Bangladesh,2015,3.5399701930000003
Barbados,2006,5.052631579
Barbados,2007,5.144044102
Barbados,2008,5.315836528
Barbados,2009,5.266152678
Barbados,2010,5.16910487
Barbados,2011,5.4484689820000005
Barbados,2012,5.151393531
Barbados,2013,4.723331302
Barbados,2015,4.461325018
Belgium,2006,4.1621621619999996
Belgium,2007,4.305337692
Belgium,2008,4.211976766
Belgium,2009,4.215630025
Belgium,2010,4.347198597
Belgium,2011,4.3667562360000005
Belgium,2012,4.363617983
Belgium,2013,4.279391624
Belgium,2015,4.145470197
Belize,2011,3.55954
Benin,2006,3.868965517
Benin,2007,3.8625246310000003
Benin,2008,3.9783747160000003
Benin,2009,4.226189947
Benin,2010,4.641725903999999
Benin,2011,4.366400789
Benin,2012,3.816447777
Benin,2013,3.5835793469999997
Bhutan,2013,3.729686
Bhutan,2015,3.8959838560000004
Bolivia,2006,2.829545455
Bolivia,2007,2.968857868
Bolivia,2008,2.378248908
Bolivia,2009,2.643491752
Bolivia,2010,3.4050029360000003
Bolivia,2011,3.4560859930000003
Bolivia,2012,3.529047662
Bolivia,2013,3.484818362
Bolivia,2015,3.616470089
Bosnia and Herzegovina,2006,3.083333333
Bosnia and Herzegovina,2007,3.143021221
Bosnia and Herzegovina,2008,2.948715516
Bosnia and Herzegovina,2009,2.40193541
Bosnia and Herzegovina,2010,2.7369297219999997
Bosnia and Herzegovina,2011,3.235821
Bosnia and Herzegovina,2012,3.76659025
Bosnia and Herzegovina,2013,4.200856
Botswana,2006,4.46969697
Botswana,2007,4.509280196000001
Botswana,2008,4.608701526
Botswana,2009,4.661869787
Botswana,2010,5.039501412
Botswana,2011,5.065574505
Botswana,2012,4.6907445580000005
Botswana,2013,4.48880869
Botswana,2015,4.259275291
Brazil,2006,3.3717277489999997
Brazil,2007,3.30103163
Brazil,2008,3.582244782
Brazil,2009,3.807594211
Brazil,2010,4.089900103
Brazil,2011,4.146339712
Brazil,2012,4.007519472
Brazil,2013,3.6786785369999997
Brazil,2015,3.230414437
Brunei,2008,4.685985
Brunei,2009,4.526381705
Brunei,2010,4.082140852
Brunei,2011,4.122107951
Brunei,2012,4.239939259
Brunei,2013,4.3825654819999995
Bulgaria,2006,3.010752688
Bulgaria,2007,3.266661333
Bulgaria,2008,3.366658218
Bulgaria,2009,3.448822725
Bulgaria,2010,3.4530104930000003
Bulgaria,2011,3.3589052610000003
Bulgaria,2012,3.56997912
Bulgaria,2013,3.557104603
Bulgaria,2015,3.263019452
Burkina Faso,2006,4.680851064
Burkina Faso,2007,4.561535303
Burkina Faso,2008,4.738836054
Burkina Faso,2009,4.771727348
Burkina Faso,2010,4.09757905
Burkina Faso,2011,4.141759513999999
Burkina Faso,2012,4.369005906
Burkina Faso,2013,3.673767313
Burkina Faso,2015,3.299014951
Burma (Myanmar),2013,2.893025
Burma (Myanmar),2015,2.93273301
Burundi,2006,3.604938272
Burundi,2007,3.845556347
Burundi,2008,3.409954685
Burundi,2009,2.881143053
Burundi,2010,3.255810795
Burundi,2011,3.323264557
Burundi,2012,3.328500735
Burundi,2013,3.286978422
Burundi,2015,3.151353405
Cambodia,2006,3.956989247
Cambodia,2007,4.142693713
Cambodia,2008,3.9745242469999997
Cambodia,2009,3.656940845
Cambodia,2010,3.5657275910000004
Cambodia,2011,3.793658425
Cambodia,2012,3.980324946
Cambodia,2013,3.62814475
Cambodia,2015,3.180478023
Cameroon,2006,4.0
Cameroon,2007,3.823564593
Cameroon,2008,4.239512241
Cameroon,2009,4.047567557
Cameroon,2010,3.661516018
Cameroon,2011,3.8774686610000004
Cameroon,2012,4.246642945
Cameroon,2013,4.335135587
Cameroon,2015,4.03620265
Canada,2006,4.784946237
Canada,2007,5.020797163
Canada,2008,5.198929882
Canada,2009,5.310455161
Canada,2010,5.5310950210000005
Canada,2011,5.461157145
Canada,2012,5.378325974
Canada,2013,5.116857043
Canada,2015,5.0522982160000005
Cape Verde,2010,4.556911
Cape Verde,2011,4.514298954
Cape Verde,2012,4.386353897
Cape Verde,2013,4.161552838
Cape Verde,2015,4.0850169460000005
Chad,2006,2.8842105260000004
Chad,2007,3.1874817639999997
Chad,2008,3.3079169189999997
Chad,2009,3.049448335
Chad,2010,2.8486978360000004
Chad,2011,3.10444799
Chad,2012,3.1351924839999996
Chad,2013,2.753509541
Chad,2015,2.8446097519999998
Chile,2006,5.040540541
Chile,2007,5.135814459
Chile,2008,4.911530515
Chile,2009,5.182038052
Chile,2010,5.553320226
Chile,2011,5.331977736
Chile,2012,5.275254555
Chile,2013,5.118338088
Chile,2015,5.018686483
China,2006,3.48973607
China,2007,3.811771142
China,2008,4.487685765
China,2009,4.817438118
China,2010,4.758954893
China,2011,4.7295913160000005
China,2012,4.483100218
China,2013,4.41809319
China,2015,4.491225462
Colombia,2006,4.391304348
Colombia,2007,4.275214275
Colombia,2008,4.3481452769999995
Colombia,2009,4.379527935
Colombia,2010,4.394976602
Colombia,2011,4.303613002
Colombia,2012,4.136172622
Colombia,2013,4.081569924
Colombia,2015,3.83093085
Costa Rica,2006,3.626865672
Costa Rica,2007,3.834028088
Costa Rica,2008,4.2853444419999995
Costa Rica,2009,4.471131126
Costa Rica,2010,4.50669655
Costa Rica,2011,4.4721760260000005
Costa Rica,2012,4.474077189
Costa Rica,2013,4.4007749369999996
Costa Rica,2015,4.258133606
Croatia,2006,3.6555555560000004
Croatia,2007,3.8678876680000003
Croatia,2008,3.807395019
Croatia,2009,3.942027467
Croatia,2010,4.272037521000001
Croatia,2011,4.2079858
Croatia,2012,3.993174008
Croatia,2013,3.7431236180000003
Croatia,2015,3.333545343
Cyprus,2006,4.43902439
Cyprus,2007,4.424476164
Cyprus,2008,4.762120807
Cyprus,2009,5.025991426
Cyprus,2010,4.897031411
Cyprus,2011,4.96531092
Cyprus,2012,4.895912292
Cyprus,2013,4.762789139
Cyprus,2015,4.6881982010000005
Czech Republic,2006,3.988505747
Czech Republic,2007,3.650890405
Czech Republic,2008,3.5581099710000004
Czech Republic,2009,3.67515412
Czech Republic,2010,3.895595943
Czech Republic,2011,3.970493135
Czech Republic,2012,3.958356007
Czech Republic,2013,3.8146026969999998
Czech Republic,2015,3.667572983
Denmark,2006,6.0882352939999995
Denmark,2007,5.931851493
Denmark,2008,5.816544127999999
Denmark,2009,5.800043659
Denmark,2010,5.627347717
Denmark,2011,5.70008361
Denmark,2012,4.665023921
Denmark,2013,4.342791131999999
Denmark,2015,4.491350012
Dominican Republic,2006,3.52173913
Dominican Republic,2007,3.751819738
Dominican Republic,2008,3.896542648
Dominican Republic,2009,4.0148951
Dominican Republic,2010,4.375761468
Dominican Republic,2011,4.452314003
Dominican Republic,2012,4.304833724
Dominican Republic,2013,4.155934124
Dominican Republic,2015,4.169296732
Ecuador,2006,2.643678161
Ecuador,2007,2.738238017
Ecuador,2008,2.927576783
Ecuador,2009,3.357978468
Ecuador,2010,3.726434287
Ecuador,2011,3.9052680889999998
Ecuador,2012,3.9687930000000002
Ecuador,2013,4.101889967
Egypt,2006,3.357142857
Egypt,2007,3.7460342730000002
Egypt,2008,4.091978258999999
Egypt,2009,4.279226895
Egypt,2010,4.2935612999999995
Egypt,2011,3.781846391
Egypt,2012,3.760850865
Egypt,2013,3.909480537
Egypt,2015,3.943265851
El Salvador,2006,4.365384615
El Salvador,2007,4.343578759
El Salvador,2008,4.055528966000001
El Salvador,2009,4.342739765
El Salvador,2010,4.249833421
El Salvador,2011,3.7880707289999997
El Salvador,2012,3.631038063
El Salvador,2013,3.405067223
El Salvador,2015,3.720575775
Estonia,2006,4.841121495
Estonia,2007,4.885426519
Estonia,2008,4.911366903
Estonia,2009,5.193820273
Estonia,2010,5.363008486
Estonia,2011,5.253682733
Estonia,2012,5.120853665
Estonia,2013,5.021570367
Estonia,2015,4.9706409030000005
Ethiopia,2006,3.4819277110000004
Ethiopia,2007,3.726571547
Ethiopia,2008,3.768583477
Ethiopia,2009,3.8017124489999996
Ethiopia,2010,3.947218111
Ethiopia,2011,3.634957894
Ethiopia,2012,3.5399325630000003
Ethiopia,2013,3.488514359
Ethiopia,2015,3.251276463
Finland,2006,5.960784314
Finland,2007,5.828982749
Finland,2008,5.739889924
Finland,2009,5.641161843
Finland,2010,5.638571765
Finland,2011,5.787439028
Finland,2012,6.130991312999999
Finland,2013,6.070317867999999
Finland,2015,5.822778887
France,2006,4.809160305
France,2007,4.932184219
France,2008,4.758419847
France,2009,4.721705173
France,2010,4.941000900000001
France,2011,4.850330797
France,2012,4.615806424
France,2013,4.253207617
France,2015,3.951313761
Gabon,2012,4.727195
Gabon,2013,4.150142895
Gabon,2015,3.7272986880000003
Gambia,2006,4.388059701
Gambia,2007,4.614086242
Gambia,2008,4.963932269
Gambia,2009,5.108764504
Gambia,2010,4.911426248
Gambia,2011,4.722004682
Gambia,2012,4.675630063
Gambia,2013,4.527508733
Gambia,2015,4.449567985
Georgia,2006,3.6
Georgia,2007,3.62364532
Georgia,2008,3.842895372
Georgia,2009,4.559880683
Georgia,2010,4.89329781
Georgia,2011,4.784932602
Georgia,2012,4.78151
Georgia,2013,4.657865973
Georgia,2015,4.69994944
Germany,2006,5.470588235
Germany,2007,5.501040724
Germany,2008,5.004229673
Germany,2009,5.021101578
Germany,2010,5.427208675
Germany,2011,4.970524383
Germany,2012,4.973697799999999
Germany,2013,4.97541321
Germany,2015,4.769866975
Ghana,2008,3.860835
Ghana,2009,3.694173189
Ghana,2010,3.9499654580000003
Ghana,2011,4.180088181
Ghana,2012,4.036539747
Ghana,2013,4.086511583
Ghana,2015,3.894351359
Greece,2006,4.038461538
Greece,2007,3.937577365
Greece,2008,3.638389103
Greece,2009,3.840185333
Greece,2010,4.076196908
Greece,2011,3.776237935
Greece,2012,3.682309755
Greece,2013,3.580387852
Greece,2015,3.3729093939999997
Guatemala,2006,3.652173913
Guatemala,2007,3.957121518
Guatemala,2008,4.147665873
Guatemala,2009,4.3268511830000005
Guatemala,2010,4.578646741
Guatemala,2011,4.512596331
Guatemala,2012,4.703750232
Guatemala,2013,4.542846433
Guatemala,2015,4.406569188
Guinea,2012,3.5907519999999997
Guinea,2013,3.4783724830000002
Guinea,2015,3.0002471539999997
Guyana,2006,3.527472527
Guyana,2007,3.498957582
Guyana,2008,3.724175261
Guyana,2009,3.987780385
Guyana,2010,4.138363591
Guyana,2011,4.106319847
Guyana,2012,4.170012964
Guyana,2013,4.229770341
Guyana,2015,3.784482195
Haiti,2011,2.56283
Haiti,2012,2.622327682
Haiti,2013,2.637117536
Haiti,2015,2.695213503
Honduras,2006,3.24691358
Honduras,2007,4.0274131330000005
Honduras,2008,4.2130057380000006
Honduras,2009,3.9368426
Honduras,2010,4.156491078
Honduras,2011,4.356314871
Honduras,2012,4.1768697260000005
Honduras,2013,3.66080723
Honduras,2015,4.063159224
Hong Kong,2006,5.408450704
Hong Kong,2007,5.672714161
Hong Kong,2008,5.886318141
Hong Kong,2009,5.956075299999999
Hong Kong,2010,6.220263041
Hong Kong,2011,5.909246702999999
Hong Kong,2012,5.8598817379999995
Hong Kong,2013,5.918826287999999
Hong Kong,2015,5.811288518
Hungary,2006,3.9014084510000004
Hungary,2007,3.7086678139999996
Hungary,2008,3.251372983
Hungary,2009,3.532194933
Hungary,2010,4.013445915
Hungary,2011,4.120980321
Hungary,2012,3.75731717
Hungary,2013,3.448520368
Hungary,2015,3.373502386
Iceland,2006,5.8
Iceland,2007,5.615300546
Iceland,2008,5.606402803
Iceland,2009,5.5754782
Iceland,2010,5.30265677
Iceland,2011,5.101912836
Iceland,2012,5.049119852
Iceland,2013,4.880473562
Iceland,2015,4.720978312
India,2006,4.9117647060000005
India,2007,4.420397714
India,2008,4.223706314
India,2009,4.592599487
India,2010,4.695205479
India,2011,4.397496233
India,2012,4.343765438
India,2013,4.242998462
India,2015,4.012070883
Indonesia,2006,2.491803279
Indonesia,2007,2.534587086
Indonesia,2008,3.153758133
Indonesia,2009,3.949309443
Indonesia,2010,4.069687119
Indonesia,2011,4.058483600000001
Indonesia,2012,4.150773537
Indonesia,2013,4.186438291
Indonesia,2015,4.240037139
Iran,2010,3.566272
Iran,2011,3.527217355
Iran,2012,3.587409422
Iran,2013,3.450241971
Iran,2015,3.244960893
Ireland,2006,5.057142857
Ireland,2007,5.092597403
Ireland,2008,5.226847114
Ireland,2009,5.331235185
Ireland,2010,5.1045329189999995
Ireland,2011,5.012610113
Ireland,2012,4.957782871
Ireland,2013,4.9594414460000005
Ireland,2015,5.072861546
Israel,2006,5.152173913
Israel,2007,5.043998837
Israel,2008,4.641460451
Israel,2009,3.930434775
Israel,2010,4.070523897
Israel,2011,4.604302877
Israel,2012,4.442326595
Israel,2013,4.065584941
Israel,2015,4.028299365
Italy,2006,3.085365854
Italy,2007,3.289487237
Italy,2008,3.389470417
Italy,2009,3.575112437
Italy,2010,3.6569758510000003
Italy,2011,3.21928534
Italy,2012,3.1189974389999997
Italy,2013,3.0261720010000004
Italy,2015,2.536250302
Ivory Coast,2008,4.0943309999999995
Ivory Coast,2009,3.936141195
Ivory Coast,2010,3.763812797
Ivory Coast,2011,3.584826062
Ivory Coast,2012,3.835425789
Ivory Coast,2013,3.9373892489999998
Ivory Coast,2015,3.833647622
Jamaica,2006,4.293478261000001
Jamaica,2007,4.2129410830000005
Jamaica,2008,3.958781477
Jamaica,2009,4.154186108
Jamaica,2010,4.307738123
Jamaica,2011,3.9414745669999998
Jamaica,2012,3.739904363
Jamaica,2013,3.801810094
Jamaica,2015,3.584521642
Japan,2006,5.52
Japan,2007,5.244228521
Japan,2008,5.05379653
Japan,2009,4.769760322
Japan,2010,4.570089792
Japan,2011,4.768358298
Japan,2012,5.094892081
Japan,2013,5.17493877
Japan,2015,5.301864173999999
Jordan,2006,4.289156627
Jordan,2007,4.150608913
Jordan,2008,4.345850203
Jordan,2009,4.6133676569999995
Jordan,2010,4.51997002
Jordan,2011,4.340424625
Jordan,2012,4.426384257
Jordan,2013,4.5307889999999995
Jordan,2015,4.553639775
Kazakhstan,2006,3.663157895
Kazakhstan,2007,3.931584937
Kazakhstan,2008,4.0694406160000005
Kazakhstan,2009,3.990972624
Kazakhstan,2010,4.24480693
Kazakhstan,2011,4.464954
Kazakhstan,2012,4.882669916
Kazakhstan,2013,4.721176343
Kazakhstan,2015,4.455259171
Kenya,2006,3.4921875
Kenya,2007,3.87993716
Kenya,2008,4.084376094
Kenya,2009,3.923996428
Kenya,2010,3.7673544789999998
Kenya,2011,3.793508122
Kenya,2012,3.8357503630000003
Kenya,2013,3.933063109
Kenya,2015,4.104732919
Kuwait,2006,4.361904762
Kuwait,2007,4.225934884
Kuwait,2008,3.7741426760000003
Kuwait,2009,3.5784437330000003
Kuwait,2010,3.6614139010000004
Kuwait,2011,3.735929108
Kuwait,2012,3.7827488089999997
Kuwait,2013,3.677489295
Kuwait,2015,3.640024908
Kyrgyzstan,2006,2.731182796
Kyrgyzstan,2007,2.833718748
Kyrgyzstan,2008,3.066236153
Kyrgyzstan,2009,3.556529573
Kyrgyzstan,2010,4.00293935
Kyrgyzstan,2011,4.292558679
Kyrgyzstan,2012,4.07769015
Kyrgyzstan,2013,3.822174175
Kyrgyzstan,2015,3.8393749089999996
Laos,2013,3.759743
Laos,2015,3.547500887
Latvia,2006,3.957446809
Latvia,2007,3.8751680860000004
Latvia,2008,3.659571764
Latvia,2009,4.036398921
Latvia,2010,4.22711661
Latvia,2011,4.025284946
Latvia,2012,4.243720728
Latvia,2013,4.482538056
Latvia,2015,4.4380421430000006
Lebanon,2010,3.854941
Lebanon,2011,3.980225407
Lebanon,2012,3.8215364419999998
Lebanon,2013,3.2757964210000003
Lebanon,2015,2.890258848
Lesotho,2006,3.539473684
Lesotho,2007,3.253520018
Lesotho,2008,3.550562665
Lesotho,2009,3.6822576430000002
Lesotho,2010,3.580457811
Lesotho,2011,3.538240187
Lesotho,2012,3.2976314330000003
Lesotho,2013,3.7033995760000002
Lesotho,2015,3.94353055
Liberia,2012,4.4927410000000005
Liberia,2013,4.264549632
Libya,2007,3.182926829
Libya,2008,3.590687343
Libya,2009,3.553484792
Libya,2010,2.952649459
Libya,2012,4.003071
Libya,2013,3.530661933
Libya,2015,2.864266378
Lithuania,2006,3.8456790119999997
Lithuania,2007,4.180179998
Lithuania,2008,4.109994694
Lithuania,2009,4.240891
Lithuania,2010,4.589628045
Lithuania,2011,4.590473465
Lithuania,2012,4.5810352960000005
Lithuania,2013,4.654935982
Lithuania,2015,4.654157058
Luxembourg,2006,5.152542373
Luxembourg,2007,5.174169426000001
Luxembourg,2008,5.266163338999999
Luxembourg,2009,5.663032951
Luxembourg,2010,5.9114496160000005
Luxembourg,2011,5.665661012
Luxembourg,2012,5.458322031
Luxembourg,2013,5.507602076
Luxembourg,2015,5.621691855
Macedonia (F.Y.R.O.M.),2006,3.623529412
Macedonia (F.Y.R.O.M.),2007,3.816741847
Macedonia (F.Y.R.O.M.),2008,3.902171493
Macedonia (F.Y.R.O.M.),2009,4.103991773
Macedonia (F.Y.R.O.M.),2010,4.200171147
Macedonia (F.Y.R.O.M.),2011,3.992236151
Macedonia (F.Y.R.O.M.),2012,4.22696088
Macedonia (F.Y.R.O.M.),2013,4.415567428
Macedonia (F.Y.R.O.M.),2015,4.599554255
Madagascar,2006,3.526785714
Madagascar,2007,3.8735096280000003
Madagascar,2008,4.027466093999999
Madagascar,2009,3.851087487
Madagascar,2010,3.509970722
Madagascar,2011,3.17613012
Madagascar,2012,3.000833612
Madagascar,2013,2.977469403
Madagascar,2015,3.1033194789999996
Malawi,2008,4.578005999999999
Malawi,2009,4.434679159
Malawi,2010,4.488555346
Malawi,2011,4.22844524
Malawi,2012,3.860160016
Malawi,2013,3.852857087
Malawi,2015,3.64271627
Malaysia,2006,5.273972603
Malaysia,2007,5.210902629
Malaysia,2008,5.044366252
Malaysia,2009,4.8630788869999995
Malaysia,2010,4.764361481
Malaysia,2011,5.010512713
Malaysia,2012,5.170718174
Malaysia,2013,5.006269297
Malaysia,2015,5.1843474469999995
Mali,2006,4.431818182
Mali,2007,4.8227357689999995
Mali,2008,4.5821372810000005
Mali,2009,4.44918131
Mali,2010,4.221599814
Mali,2011,4.005685945
Mali,2012,3.741692405
Mali,2013,3.434717001
Mali,2015,3.6727928210000003
Malta,2006,4.46875
Malta,2007,4.402141608
Malta,2008,4.542658458
Malta,2009,4.722294004
Malta,2010,4.5542617
Malta,2011,4.407114922
Malta,2012,4.411960327
Malta,2013,4.24468768
Malta,2015,4.006797201
Mauritania,2006,4.489361702
Mauritania,2007,4.197698396
Mauritania,2008,3.868310348
Mauritania,2009,4.20172937
Mauritania,2010,4.054790069
Mauritania,2011,3.750735795
Mauritania,2012,3.526819335
Mauritania,2013,2.8473175
Mauritania,2015,2.645568257
Mauritius,2006,4.851851852
Mauritius,2007,4.902188552
Mauritius,2008,4.8912131180000005
Mauritius,2009,5.040183129
Mauritius,2010,5.116157502
Mauritius,2011,4.772807113
Mauritius,2012,4.692399388
Mauritius,2013,4.545116042
Mauritius,2015,4.4868930780000005
Mexico,2006,4.0975609760000005
Mexico,2007,3.929965675
Mexico,2008,3.7555117160000004
Mexico,2009,4.054067444
Mexico,2010,4.221255998
Mexico,2011,4.239940731
Mexico,2012,4.351154289
Mexico,2013,4.178465476
Mexico,2015,3.9041684560000003
Moldova,2010,4.301132
Moldova,2011,4.298901863
Moldova,2012,4.3652217
Moldova,2013,4.007534667
Moldova,2015,3.966476792
Mongolia,2006,2.65
Mongolia,2007,2.892172603
Mongolia,2008,2.9569513339999998
Mongolia,2009,3.332888164
Mongolia,2010,3.6484394030000002
Mongolia,2011,3.7049058180000003
Mongolia,2012,3.870048523
Mongolia,2013,3.748629805
Mongolia,2015,3.794960176
Montenegro,2007,3.5694444439999997
Montenegro,2008,4.182046735
Montenegro,2009,4.599254885
Montenegro,2010,4.771097333999999
Montenegro,2011,5.072582273
Montenegro,2012,4.9187369489999995
Montenegro,2013,4.530716673
Montenegro,2015,4.3625620960000004
Morocco,2006,4.326315789
Morocco,2007,4.336018900000001
Morocco,2008,4.439709017
Morocco,2009,4.275809568000001
Morocco,2010,4.233560314
Morocco,2011,4.362056
Morocco,2012,4.446490543
Morocco,2013,4.185568774
Morocco,2015,4.281612928
Mozambique,2006,4.070175439
Mozambique,2007,3.954383799
Mozambique,2008,3.762507583
Mozambique,2009,4.015149278
Mozambique,2010,4.301701432
Mozambique,2011,4.241209123
Mozambique,2012,4.302458117
Mozambique,2013,3.975759665
Mozambique,2015,3.5539989810000003
Namibia,2006,4.032258065
Namibia,2007,4.099117298
Namibia,2008,4.287769323
Namibia,2009,4.64330777
Namibia,2010,4.7505735069999995
Namibia,2011,4.398697943999999
Namibia,2012,4.087171002
Namibia,2013,4.025647381000001
Namibia,2015,3.887768457
Nepal,2006,3.070422535
Nepal,2007,3.152487883
Nepal,2008,3.167228849
Nepal,2009,3.4691838930000003
Nepal,2010,3.951109722
Nepal,2011,3.789551725
Nepal,2012,3.751742077
Nepal,2013,3.7021135999999997
Nepal,2015,3.46717887
Netherlands,2006,5.711111111
Netherlands,2007,5.449045752000001
Netherlands,2008,5.26547934
Netherlands,2009,5.1694972539999995
Netherlands,2010,5.198562622
Netherlands,2011,5.238499989
Netherlands,2012,5.313043367
Netherlands,2013,5.182376877
Netherlands,2015,5.184599585
New Zealand,2006,5.934782609
New Zealand,2007,5.576713497
New Zealand,2008,5.272799776
New Zealand,2009,5.772872261
New Zealand,2010,6.028858678
New Zealand,2011,5.843728647000001
New Zealand,2012,6.040287231000001
New Zealand,2013,5.876924097000001
New Zealand,2015,5.837825212
Nicaragua,2006,3.285714286
Nicaragua,2007,3.285714286
Nicaragua,2008,3.344243582
Nicaragua,2009,3.551583742
Nicaragua,2010,3.68228175
Nicaragua,2011,3.521429323
Nicaragua,2012,3.7193476260000002
Nicaragua,2013,3.896218123
Nicaragua,2015,3.645393255
Nigeria,2006,4.376146789
Nigeria,2007,4.091811403
Nigeria,2008,4.2314579430000006
Nigeria,2009,4.0325225
Nigeria,2010,3.5512993589999997
Nigeria,2011,4.048493806000001
Nigeria,2012,4.36258676
Nigeria,2013,3.694181064
Nigeria,2015,3.2476293610000004
Norway,2006,5.432835821
Norway,2007,5.303485043999999
Norway,2008,5.467663973
Norway,2009,5.567083202999999
Norway,2010,5.430437475
Norway,2011,5.231237148
Norway,2012,5.052528971
Norway,2013,5.095707126000001
Norway,2015,5.2786731719999995
Oman,2007,4.734567901
Oman,2008,5.097448013
Oman,2009,5.171268213
Oman,2010,4.893412092
Oman,2011,4.886697174
Oman,2012,4.985714988
Oman,2013,4.999194999999999
Oman,2015,4.545349208999999
Pakistan,2006,3.528735632
Pakistan,2007,3.539188422
Pakistan,2008,3.420282418
Pakistan,2009,3.669490044
Pakistan,2010,3.690000056
Pakistan,2011,3.6151813369999997
Pakistan,2012,3.8155800539999998
Pakistan,2013,3.671550808
Pakistan,2015,3.390071395
Panama,2006,4.120481928
Panama,2007,4.110031688
Panama,2008,4.094714709
Panama,2009,4.27293514
Panama,2010,4.544805267
Panama,2011,4.552996918
Panama,2012,4.841677357
Panama,2013,4.680737067
Panama,2015,4.215190054
Paraguay,2006,2.755813953
Paraguay,2007,2.879255086
Paraguay,2008,3.03968629
Paraguay,2009,3.4318999010000004
Paraguay,2010,3.808430402
Paraguay,2011,3.889162044
Paraguay,2012,4.080287611
Paraguay,2013,3.958546588
Paraguay,2015,3.912712387
Peru,2006,3.876923077
Peru,2007,3.813525641
Peru,2008,3.7075943060000003
Peru,2009,4.060056917
Peru,2010,4.414413337
Peru,2011,4.43619043
Peru,2012,4.051234476
Peru,2013,3.9161849089999996
Peru,2015,3.74063239
Philippines,2006,3.75
Philippines,2007,3.9746913580000003
Philippines,2008,3.844434052
Philippines,2009,3.672871489
Philippines,2010,3.56956946
Philippines,2011,3.6104938110000004
Philippines,2012,3.967097133
Philippines,2013,3.895948521
Philippines,2015,3.806112783
Poland,2006,3.426966292
Poland,2007,3.222928785
Poland,2008,2.9815792410000004
Poland,2009,3.132364253
Poland,2010,3.712542214
Poland,2011,3.986062103
Poland,2012,3.84205527
Poland,2013,3.5857979139999996
Poland,2015,3.5668481360000004
Portugal,2006,4.833333333
Portugal,2007,4.451631702
Portugal,2008,4.136422808
Portugal,2009,4.119732677
Portugal,2010,4.26320525
Portugal,2011,4.162884028
Portugal,2012,4.288242461
Portugal,2013,4.054930474
Portugal,2015,3.855257675
Puerto Rico,2007,4.033898305
Puerto Rico,2008,4.068558057
Puerto Rico,2009,4.11880356
Puerto Rico,2010,3.963793083
Puerto Rico,2011,3.738483809
Puerto Rico,2012,4.158086915
Puerto Rico,2013,4.302157861
Puerto Rico,2015,4.000780998
Qatar,2006,4.852459016
Qatar,2007,4.6913335819999995
Qatar,2008,5.024435409
Qatar,2009,5.634795326
Qatar,2010,5.311528818999999
Qatar,2011,4.846171
Qatar,2012,5.459097364
Qatar,2013,5.817920322000001
Qatar,2015,5.6712297739999995
Romania,2006,2.702970297
Romania,2007,2.807890997
Romania,2008,3.10213788
Romania,2009,3.094977703
Romania,2010,2.910049983
Romania,2011,2.8708333010000002
Romania,2012,3.281522075
Romania,2013,3.6716462539999997
Romania,2015,3.8034970880000003
Russia,2006,2.8617424239999996
Russia,2007,3.057369797
Russia,2008,3.1714242919999998
Russia,2009,3.508213192
Russia,2010,3.845597821
Russia,2011,3.701014828
Russia,2012,3.6350766219999997
Russia,2013,3.7780383289999997
Russia,2015,3.978788525
Rwanda,2010,5.122492
Rwanda,2011,5.3429451189999995
Rwanda,2012,5.506575
Rwanda,2013,5.493782405
Rwanda,2015,5.48642
Saudi Arabia,2007,4.2
Saudi Arabia,2008,4.526625662
Saudi Arabia,2009,4.563597781
Saudi Arabia,2010,4.750248828
Saudi Arabia,2011,4.994339
Saudi Arabia,2012,4.8102617080000005
Saudi Arabia,2013,4.617183676000001
Saudi Arabia,2015,4.460199881
Senegal,2007,3.303797468
Senegal,2008,3.185538244
Senegal,2009,3.396828974
Senegal,2010,3.8809843760000002
Senegal,2011,3.8047402480000003
Senegal,2012,4.117242547
Senegal,2013,4.2061586580000005
Senegal,2015,4.122628703999999
Serbia,2007,3.953488372
Serbia,2008,3.8673525460000002
Serbia,2009,3.960539926
Serbia,2010,3.958114713
Serbia,2011,3.85190234
Serbia,2012,3.771033275
Serbia,2013,3.660654072
Serbia,2015,3.601766908
Seychelles,2012,4.769634
Seychelles,2013,4.349389403
Seychelles,2015,4.09370426
Sierra Leone,2012,3.759389
Sierra Leone,2013,3.7715989999999997
Sierra Leone,2015,3.7630186360000004
Singapore,2006,6.0632911389999995
Singapore,2007,6.108291701000001
Singapore,2008,6.265343232
Singapore,2009,6.284895343
Singapore,2010,6.3227701970000005
Singapore,2011,6.271163393999999
Singapore,2012,6.188757302999999
Singapore,2013,6.1370496889999995
Singapore,2015,6.062917134
Slovakia,2006,4.596774194
Slovakia,2007,4.535580369
Slovakia,2008,4.323796475
Slovakia,2009,4.352000653999999
Slovakia,2010,4.158164643
Slovakia,2011,4.061277757
Slovakia,2012,4.194328177
Slovakia,2013,4.008962938
Slovakia,2015,3.9070693260000002
Slovenia,2006,4.090909091
Slovenia,2007,4.366615306
Slovenia,2008,4.537332143
Slovenia,2009,4.984213965
Slovenia,2010,5.121622274
Slovenia,2011,4.954137
Slovenia,2012,4.738436854
Slovenia,2013,4.356492716
Slovenia,2015,4.157379327
South Africa,2006,4.8684210530000005
South Africa,2007,4.850771666
South Africa,2008,4.908884176
South Africa,2009,5.064772251
South Africa,2010,4.980449299
South Africa,2011,4.83735845
South Africa,2012,4.7943881710000005
South Africa,2013,4.62918998
South Africa,2015,4.481440731
South Korea,2006,3.659793814
South Korea,2007,4.735091441000001
South Korea,2008,4.531307041
South Korea,2009,3.7263507039999997
South Korea,2010,3.7502932110000002
South Korea,2011,3.42304615
South Korea,2012,3.3316100669999997
South Korea,2013,3.395336657
South Korea,2015,3.099452403
Spain,2006,3.897435897
Spain,2007,4.008938245
Spain,2008,3.837362292
Spain,2009,4.019786068
Spain,2010,4.277040652
Spain,2011,4.191743552
Spain,2012,4.196013747
Spain,2013,3.9323042
Spain,2015,3.6184609360000004
Sri Lanka,2006,3.6835443039999998
Sri Lanka,2007,3.959890441
Sri Lanka,2008,3.841230782
Sri Lanka,2009,3.7461445419999997
Sri Lanka,2010,3.839683574
Sri Lanka,2011,4.0980596
Sri Lanka,2012,4.334898
Sri Lanka,2013,4.1224546019999995
Sri Lanka,2015,3.794538764
Suriname,2011,3.635304
Suriname,2012,3.704002724
Suriname,2013,3.482726377
Suriname,2015,3.327225872
Swaziland,2010,4.051551
Swaziland,2011,3.7699697
Swaziland,2012,3.4975242019999997
Swaziland,2013,3.786876447
Swaziland,2015,3.8842654000000003
Sweden,2006,5.470588235
Sweden,2007,5.583533868
Sweden,2008,5.846094099
Sweden,2009,5.96330007
Sweden,2010,5.814009187000001
Sweden,2011,5.754201377999999
Sweden,2012,5.489447424
Sweden,2013,5.4585983570000005
Sweden,2015,5.198348321
Switzerland,2006,5.694444444
Switzerland,2007,5.680189492
Switzerland,2008,5.561199964
Switzerland,2009,5.660841532999999
Switzerland,2010,5.845825293
Switzerland,2011,5.894239516
Switzerland,2012,5.856700152999999
Switzerland,2013,5.680486052999999
Switzerland,2015,5.577851637
Syria,2007,3.231578947
Syria,2008,3.506107585
Syria,2009,3.486040985
Syria,2010,3.295351162
Syria,2011,3.403062463
Taiwan,2006,4.8
Taiwan,2007,4.93530281
Taiwan,2008,4.991402473
Taiwan,2009,5.3424490239999995
Taiwan,2010,5.73226814
Taiwan,2011,5.807490683999999
Taiwan,2012,5.581121672
Taiwan,2013,5.370338631
Taiwan,2015,5.423242057
Tajikistan,2006,3.611111111
Tajikistan,2007,3.56079628
Tajikistan,2008,3.5671319660000003
Tajikistan,2009,3.73440995
Tajikistan,2010,3.927931362
Tajikistan,2011,4.104908255
Tajikistan,2012,4.306993829
Tajikistan,2015,3.702127695
Tanzania,2006,4.908163265
Tanzania,2007,4.6380053839999995
Tanzania,2008,3.979962595
Tanzania,2009,4.039419799999999
Tanzania,2010,4.114270151
Tanzania,2011,4.078364775
Tanzania,2012,3.999249897
Tanzania,2013,3.727941958
Tanzania,2015,3.557899673
Thailand,2006,4.739130435
Thailand,2007,4.581714976000001
Thailand,2008,4.167107873
Thailand,2009,4.24850656
Thailand,2010,4.320874117
Thailand,2011,4.183619796
Thailand,2012,4.045959296
Thailand,2013,3.889987912
Thailand,2015,3.661489801
Timor Leste,2006,2.7941176469999998
Timor Leste,2007,2.589327508
Timor Leste,2008,3.010414941
Timor Leste,2009,3.408800204
Timor Leste,2010,3.407079649
Timor Leste,2011,3.292245675
Timor Leste,2012,3.7396714230000003
Timor Leste,2013,3.411960133
Timor Leste,2015,3.183078562
Trinidad and Tobago,2006,3.9512195119999998
Trinidad and Tobago,2007,4.082908022
Trinidad and Tobago,2008,4.1371446380000005
Trinidad and Tobago,2009,4.182309848
Trinidad and Tobago,2010,4.1686693
Trinidad and Tobago,2011,3.981959505
Trinidad and Tobago,2012,3.945383112
Trinidad and Tobago,2013,3.88983297
Trinidad and Tobago,2015,3.670068148
Tunisia,2006,5.375
Tunisia,2007,5.29168357
Tunisia,2008,5.20377564
Tunisia,2009,5.083152551
Tunisia,2010,5.177729265
Tunisia,2011,4.737676776
Tunisia,2013,3.978189982
Tunisia,2015,3.766736732
Turkey,2006,4.196078431
Turkey,2007,4.137403647
Turkey,2008,3.687747145
Turkey,2009,4.169166625
Turkey,2010,4.5350740389999995
Turkey,2011,4.615077127
Turkey,2012,4.724627287
Turkey,2013,4.5849928030000004
Turkey,2015,4.438707342
Uganda,2006,4.179775281
Uganda,2007,4.025006005
Uganda,2008,3.9349074089999996
Uganda,2009,4.064228364
Uganda,2010,4.291059633
Uganda,2011,4.3718025339999995
Uganda,2012,4.374175877
Uganda,2013,4.06065303
Uganda,2015,3.855983205
Ukraine,2006,3.0509554139999997
Ukraine,2007,3.0505036569999997
Ukraine,2008,3.34474276
Ukraine,2009,3.608979052
Ukraine,2010,3.7016765119999997
Ukraine,2011,3.6713697999999995
Ukraine,2012,3.638442172
Ukraine,2013,3.469353556
Ukraine,2015,3.6378496539999996
United Arab Emirates,2006,5.094117647
United Arab Emirates,2007,5.121250793
United Arab Emirates,2008,5.137456966
United Arab Emirates,2009,5.146799596
United Arab Emirates,2010,4.785862548
United Arab Emirates,2011,4.73712094
United Arab Emirates,2012,5.102376478
United Arab Emirates,2013,5.194513
United Arab Emirates,2015,5.35260389
United Kingdom,2006,5.289855072
United Kingdom,2007,4.994704327
United Kingdom,2008,4.634723108999999
United Kingdom,2009,4.643199762
United Kingdom,2010,4.866534215
United Kingdom,2011,5.163411308
United Kingdom,2012,5.347427892
United Kingdom,2013,5.253760932
United Kingdom,2015,5.161606291
United States,2006,4.782222222
United States,2007,4.839210181
United States,2008,4.911062138
United States,2009,4.851880171
United States,2010,4.708117878
United States,2011,4.510722231
United States,2012,4.413949035
United States,2013,4.403809842
United States,2015,4.434974069
Uruguay,2006,3.9305555560000003
Uruguay,2007,4.003156566
Uruguay,2008,4.076764875
Uruguay,2009,4.5013913080000005
Uruguay,2010,4.917566496
Uruguay,2011,5.08542865
Uruguay,2012,4.979790611
Uruguay,2013,4.684201516
Uruguay,2015,4.660847021
Venezuela,2006,2.692307692
Venezuela,2007,2.621641586
Venezuela,2008,2.1372500480000003
Venezuela,2009,2.4302407130000003
Venezuela,2010,2.9507200539999996
Venezuela,2011,3.0576712
Venezuela,2012,2.9571246789999996
Venezuela,2013,2.7167439
Venezuela,2015,2.279819016
Vietnam,2006,3.585185185
Vietnam,2007,3.8125617889999996
Vietnam,2008,4.190429737
Vietnam,2009,4.371581662
Vietnam,2010,4.2535256189999995
Vietnam,2011,3.99776018
Vietnam,2012,3.93123375
Vietnam,2013,3.583681322
Vietnam,2015,3.528616932
Yemen,2011,2.218823
Yemen,2012,3.077643914
Yemen,2013,3.770685572
Yemen,2015,3.676279666
Zambia,2006,5.082474227
Zambia,2007,4.858324182
Zambia,2008,4.72871026
Zambia,2009,4.809402989
Zambia,2010,4.570488573
Zambia,2011,4.498175057
Zambia,2012,4.648990574
Zambia,2013,4.68271155
Zambia,2015,4.478449358
Zimbabwe,2006,3.138888889
Zimbabwe,2007,3.306944444
Zimbabwe,2008,3.489928571
Zimbabwe,2009,3.967228506
Zimbabwe,2010,4.305375423
Zimbabwe,2011,4.1991436669999995
Zimbabwe,2012,4.2819389
Zimbabwe,2013,3.926960727
Zimbabwe,2015,3.53289229
Albania,2006,2.784810127
